[
  "\"cmds\" are functions that change things onscreen.",
  {
    "text": "Choose with arrow keys and Z.",
    "cmds": {
      "activate_options": [
        ["This will be the first choice", "option1tag"],
        ["This will be the second choice", "option2tag"],
      ]
    }
  },
  {
    "text": "Ah, so you've picked the first option.",
    "data": {
      "tag": "option1tag"
    }
  },
  {
    "text": "Use \"skip_to\" to skip over the other option.",
    "data": {
      "skip_to": "after_the_choices"
    }
  },
  {
    "text": "Cool, so you picked the second option.",
    "data": {
      "tag": "option2tag"
    }
  },
  "This automatically moves on, so no \"skip_to\" needed",
  {
    "text": "Good job making those choices.",
    "data": {
      "tag": "after_the_choices"
    }
  }
]